{"cameraMode":{"drawMode":0,"name":"Shaded","section":"Shading Mode"},"sceneLighting":false,"audioPlay":false,"sceneViewState":{"m_AlwaysRefresh":true,"showFog":true,"showSkybox":false,"showFlares":true,"showImageEffects":true,"showParticleSystems":true,"showVisualEffectGraphs":true,"m_FxEnabled":true},"in2DMode":false,"pivot":{"x":5.960464477539063e-8,"y":0.673494279384613,"z":0.014411568641662598},"rotation":{"x":0.25536730885505679,"y":-0.561758816242218,"z":0.18771974742412568,"w":0.7641909718513489},"size":2.4568066596984865,"orthographic":false}